{"type": "metrics", "dataset": "train", "precision": 0.6811751904243744, "balanced_accuracy": 0.6716381484936956, "recall": 0.39729215147027713, "f1_score": 0.5018706574024586}
{"type": "metrics", "dataset": "test", "precision": 0.6473551637279596, "balanced_accuracy": 0.6723231825969055, "recall": 0.4038763750654793, "f1_score": 0.4974193548387097}
{"type": "cm_matrix", "dataset": "train", "true_0": {"predicted_0": 15394, "predicted_1": 879}, "true_1": {"predicted_0": 2849, "predicted_1": 1878}}
{"type": "cm_matrix", "dataset": "test", "true_0": {"predicted_0": 6671, "predicted_1": 420}, "true_1": {"predicted_0": 1138, "predicted_1": 771}}
